name,description,brand,original price,stock,stock remaining,stock sold,catergory,disount(%),discount,discounted price,expiry date,file name,Discount start date,Discount end date
apple,fruit,happyMarket,2.0,50,50,0,Fresh Produce,0.050000,0.1,1.9,14-Aug-23,src/ImageFile/Apple.png,1-Sep-22,Nil
beef(500g),meat,happyMarket,6.84,20,20,0,Fresh Produce,0.000000,0.0,6.84,14-Aug-23,src/ImageFile/beef(500g).png,NIL,Nil
mayonnaise,sauce,HEINZZ,5.8,60,60,0,Food Cupboard,0.000000,0.0,5.8,14-Aug-23,src/ImageFile/mayonnaise.png,NIL,Nil
potato chips,fried potato,Layss,10.4,100,100,0,Snacks,0.000000,0.0,10.4,14-Aug-23,src/ImageFile/potato chips.png,NIL,Nil
chicken nuggets,processed meat,farmplace,13.9,110,110,0,Frozen Products,0.020000,0.27,13.63,14-Aug-23,src/ImageFile/chicken nuggets.png,15/8/2023,Nil
baby food,jam for babies,as,6.8,12,12,0,Others,0.000000,0.0,6.8,14-Aug-23,src/ImageFile/baby food.png,NIL,Nil
green tea,type of tea,huathuat,1.5,1000,1000,0,Drinks,0.460000,0.69,0.81,31-Aug-24,src/ImageFile/green tea.png,17/8/2023,Nil