Order Details,,,,,,,,,
1,28-Jul-22,9:00:00,18.47,17.1,1.37,0.9,9,1,michelle
Order Items,,,,,,,,,
apple,9,2,0.05,,,,,,
Order Details,,,,,,,,,
2,28-Jul-23,10:00:00,6.26,5.8,0.46,0,1,1,michelle
Order Items,,,,,,,,,
mayonnaise,1,5.8,0,,,,,,
Order Details,,,,,,,,,
3,29-Jul-23,9:33:22,20.52,19,1.52,1,10,1,michelle
Order Items,,,,,,,,,
apple,10,2,0.05,,,,,,
Order Details,,,,,,,,,
4,29-Jul-23,16:10:24,17.97,16.64,1.33,4.16,2,1,michelle
Order Items,,,,,,,,,
potato chips,2,10.4,0.2,,,,,,
Order Details,,,,,,,,,
5,30-Jul-23,17:03:44,8.99,8.32,0.67,2.08,1,1,michelle
Order Items,,,,,,,,,
potato chips,1,10.4,0.2,,,,,,
Order Details,,,,,,,,,
6,10-Aug-23,11:50:55,17.97,16.64,1.33,4.16,2,1,jiawei
Order Items,,,,,,,,,
potato chips,2,10.4,0.2,,,,,,
Order Details,,,,,,,,,
7,10-Aug-23,15:22:33,11.66,10.8,0.86,1.2,1,1,michelle
Order Items,,,,,,,,,
baby food,1,12,0.1,,,,,,
Order Details,,,,,,,,,
8,11-Aug-23,9:34:20,58.32,54,4.32,6,5,1,jiawei
Order Items,,,,,,,,,
baby food,5,12,0.1,,,,,,
Order Details,,,,,,,,,
9,11-Aug-23,14:00:20,169.91,157.32,12.59,0,23,1,jiawei
Order Items,,,,,,,,,
beef(500g),23,6.84,0,,,,,,
Order Details,,,,,,,,,
10,11-Aug-23,16:59:11,6.48,6,0.48,0,4,1,michelle
Order Items,,,,,,,,,
green tea,4,1.5,0,,,,,,
Order Details,,,,,,,,,
11,19-Aug-23,21:39:46,18,16.67,1.33,0.9,9,1,michelle
Order Items,,,,,,,,,
apple,9,2,0.1,,,,,,
Order Details,,,,,,,,,
12,19-Aug-23,21:39:52,69.2,64.07,5.13,0,7,2,michelle
Order Items,,,,,,,,,
potato chips,6,10.4,0,,,,,,
baby food,1,6.8,0,,,,,,
Order Details,,,,,,,,,
13,19-Aug-23,21:40:00,168,155.56,12.44,5.76,24,4,michelle
Order Items,,,,,,,,,
green tea,6,1.5,0.69,,,,,,
chicken nuggets,6,13.9,0.27,,,,,,
mayonnaise,6,5.8,0,,,,,,
baby food,6,6.8,0,,,,,,
Order Details,,,,,,,,,
14,19-Aug-23,21:40:17,124.52,115.3,9.22,5.52,22,4,jiawei
Order Items,,,,,,,,,
beef(500g),8,6.84,0,,,,,,
green tea,8,1.5,0.69,,,,,,
potato chips,5,10.4,0,,,,,,
mayonnaise,1,5.8,0,,,,,,
Order Details,,,,,,,,,
15,19-Aug-23,21:43:44,81.6,75.56,6.04,0,12,1,michelle
Order Items,,,,,,,,,
baby food,12,6.8,0,,,,,,
Order Details,,,,,,,,,
16,20-Aug-23,18:43:01,3182.5,2946.76,235.74,61.29,231,4,michelle
Order Items,,,,,,,,,
chicken nuggets,8,13.9,0.27,,,,,,
baby food,4,6.8,0,,,,,,
chicken nuggets,109,13.9,0.27,,,,,,
chicken nuggets,110,13.9,0.27,,,,,,
